review,label
This product is amazing! Best purchase ever!,1
Worst product I have ever bought. Do not waste your money.,0
Excellent quality and fast shipping. Highly recommend!,0
Fake product, do not buy. Seller is a scammer.,1
I love this! Will buy again.,0
This is a must-have item. Five stars!,1
Terrible, broke after one use.,0
Best deal on the market! Unbelievable price!,1
Not as described, very disappointed.,0
Great value for the price.,0
Absolutely fantastic! Changed my life!,1
Arrived late and was damaged. Not happy.,0
Top-notch product, exceeded expectations.,0
Scam! Product never arrived.,1
Superb quality, will recommend to friends.,0
Do not trust this seller, fake reviews everywhere.,1
Very satisfied with my purchase.,0
Amazing! Everyone should buy this now!,1
It works as expected, no issues.,0
Fake, fake, fake! Stay away.,1
